actor_1,actor_2,weight
Samuel L. Jackson,Robin Wright,1
Viola Davis,Oscar Isaac,1
Chiwetel Ejiofor,Josh Brolin,2
Saoirse Ronan,Ben Mendelsohn,1
Javier Bardem,Tom Cruise,1
Amy Adams,Tom Hanks,2
Emma Stone,Josh Brolin,1
Robert Downey Jr,Martin Freeman,1
Frances McDormand,Jonah Hill,1
Tom Hardy,Naomie Harris,1
Michael B. Jordan,Jeffrey Wright,1
Octavia Spencer,Samuel L. Jackson,3
Reese Witherspoon,Janelle Monáe,1
Meryl Streep,Amy Adams,2
Jessica Chastain,Idris Elba,1
Annette Bening,Robert Downey Jr,2
Samuel L. Jackson,Michael Keaton,5
Viola Davis,Michael Shannon,1
Alicia Vikander,Benedict Cumberbatch,1
Leonardo DiCaprio,Amy Adams,1
Nicole Kidman,Robert Downey Jr,1
Brie Larson,Woody Harrelson,2
Amy Adams,Steve Carell,1
Jake Gyllenhaal,Paul Dano,3
Kyle Chandler,Lucas Hedges,1
Marion Cotillard,Adam Driver,1
Ralph Fiennes,Tiffany Haddish,1
Meryl Streep,Annette Bening,1
Natalie Portman,Josh Brolin,1
Michael Shannon,Joel Edgerton,2
Idris Elba,Chiwetel Ejiofor,1
Octavia Spencer,Robert Downey Jr,2
Jake Gyllenhaal,Hugh Jackman,1
Emma Stone,Michael Keaton,1
Meryl Streep,Steve Carell,1
Robert Downey Jr,Michael Keaton,1
Robin Wright,Ben Foster,1
Julianne Moore,Michael Shannon,2
Benicio Del Toro,Josh Brolin,5
Leonardo DiCaprio,Adam Driver,1
Samuel L. Jackson,Allison Janney,1
Joel Edgerton,Benedict Cumberbatch,1
Julianne Moore,Tom Cruise,1
Denzel Washington,Tom Hanks,1
Jeffrey Wright,Tom Hiddleston,1
Emma Stone,Jonah Hill,1
Michelle Williams,Mark Ruffalo,1
Ralph Fiennes,Rachel Weisz,2
Hailee Steinfeld,Taraji P. Henson,1
Bob Odenkirk,Sarah Paulson,1
Joaquin Phoenix,Charlize Theron,1
Ryan Gosling,Claire Foy,1
Brie Larson,Sam Rockwell,1
Jessica Chastain,Timothée Chalamet,1
Mark Rylance,Letitia Wright,1
Julianne Moore,Robin Wright,1
Josh Brolin,Matt Damon,2
Jesse Plemons,Daniel Kaluuya,1
Joel Edgerton,Will Smith,1
Michael Fassbender,Samuel L. Jackson,1
Mahershala Ali,Taraji P. Henson,2
Robert Downey Jr,Josh Brolin,3
Tom Hiddleston,Letitia Wright,2
Viola Davis,Amy Adams,1
Frances McDormand,Amy Adams,1
Josh Brolin,Jeffrey Wright,1
Benicio Del Toro,Carrie Coon,1
Evan Rachel Wood,Jeffrey Wright,1
Jessica Chastain,Octavia Spencer,1
Margot Robbie,Nicole Kidman,1
Jessica Chastain,Charlize Theron,1
Julianne Moore,Samuel L. Jackson,1
Hugh Jackman,Michael Fassbender,3
Idris Elba,Kate Winslet,1
Leonardo DiCaprio,Evan Rachel Wood,1
Brie Larson,Bradley Cooper,1
Michael Fassbender,Kate Winslet,1
Samuel L. Jackson,Adam Driver,1
Samuel L. Jackson,Sarah Paulson,2
Tom Hardy,Will Smith,1
Leonardo DiCaprio,Marion Cotillard,1
Benicio Del Toro,Letitia Wright,1
Matt Damon,Will Smith,2
Benicio Del Toro,Bradley Cooper,2
Michael Stuhlbarg,Benedict Cumberbatch,1
Michael B. Jordan,Daniel Kaluuya,1
Chiwetel Ejiofor,Tilda Swinton,1
Octavia Spencer,Woody Harrelson,1
Mark Ruffalo,Josh Brolin,3
Oscar Isaac,Jennifer Lawrence,1
Woody Harrelson,Naomie Harris,2
Oscar Isaac,Chris Pine,1
Bryan Cranston,Jonah Hill,1
Meryl Streep,Tilda Swinton,1
Oscar Isaac,Josh Brolin,1
Woody Harrelson,Sam Rockwell,2
Michael Shannon,Reese Witherspoon,1
Oscar Isaac,Ryan Gosling,1
Matthew Rhys,Jeffrey Wright,1
Robert Downey Jr,Carrie Coon,1
Meryl Streep,Woody Harrelson,1
Frances McDormand,Charlize Theron,2
Keri Russell,Evan Rachel Wood,1
Saoirse Ronan,Lucas Hedges,2
Ryan Gosling,Julianne Moore,1
Naomie Harris,Benedict Cumberbatch,1
Viola Davis,Hailee Steinfeld,1
Riz Ahmed,David Oyelowo,1
Lupita Nyong'o,Ralph Fiennes,1
Viola Davis,Emma Stone,1
Joaquin Phoenix,Idris Elba,1
Meryl Streep,Reese Witherspoon,1
Oscar Isaac,Hugh Jackman,1
Tom Hanks,Sarah Paulson,1
Bryan Cranston,Tilda Swinton,1
Joaquin Phoenix,Riz Ahmed,1
Viola Davis,Jake Gyllenhaal,1
Samuel L. Jackson,Keri Russell,1
Octavia Spencer,Janelle Monáe,1
Julianne Moore,Brie Larson,1
Javier Bardem,Mark Ruffalo,1
Jesse Plemons,Ben Foster,2
Hailee Steinfeld,Tiffany Haddish,1
Rachel Weisz,Tom Hiddleston,1
Oscar Isaac,Samuel L. Jackson,2
Kyle Chandler,Joel Edgerton,1
Mark Rylance,Timothée Chalamet,1
Annette Bening,Janelle Monáe,1
Lupita Nyong'o,Martin Freeman,1
Annette Bening,Saoirse Ronan,1
Saoirse Ronan,Tom Hiddleston,1
Benicio Del Toro,Matt Damon,2
Amy Adams,Michael Stuhlbarg,1
Benicio Del Toro,Daniel Kaluuya,1
Leonardo DiCaprio,Gary Oldman,1
Leonardo DiCaprio,Jennifer Lawrence,1
Michael Fassbender,Michael Stuhlbarg,1
Tom Hardy,Gary Oldman,4
Michael Fassbender,Paul Dano,1
Margot Robbie,Will Smith,2
Naomie Harris,Jeffrey Wright,1
Natalie Portman,Matt Damon,1
Ryan Gosling,Mahershala Ali,1
Tom Hardy,Christian Bale,1
Cate Blanchett,Matt Damon,5
Jake Gyllenhaal,Allison Janney,1
Lupita Nyong'o,Idris Elba,1
Matt Damon,Hailee Steinfeld,1
Michael Stuhlbarg,Matthew Rhys,1
Amy Adams,Jake Gyllenhaal,1
Chiwetel Ejiofor,Kate Winslet,1
Natalie Portman,Janelle Monáe,2
Charlize Theron,Bryan Cranston,1
Denzel Washington,Josh Brolin,1
Frances McDormand,Benicio Del Toro,1
Steve Carell,Octavia Spencer,1
Viola Davis,Benicio Del Toro,1
Josh Brolin,Benedict Cumberbatch,2
Kyle Chandler,Bryan Cranston,1
Kate Winslet,Bryan Cranston,1
Mark Ruffalo,Allison Janney,1
Mark Ruffalo,Matt Damon,2
Samuel L. Jackson,Hailee Steinfeld,1
Javier Bardem,Jennifer Lawrence,1
Kyle Chandler,Jeffrey Wright,2
Idris Elba,Taraji P. Henson,1
Charlize Theron,Chiwetel Ejiofor,1
Carrie Coon,Tom Hiddleston,1
Woody Harrelson,Lucas Hedges,1
Matt Damon,Lucas Hedges,2
Tom Hardy,Ben Mendelsohn,1
David Oyelowo,Chris Pine,1
Benedict Cumberbatch,Hailee Steinfeld,1
Emma Stone,Bob Odenkirk,1
Ryan Gosling,Margot Robbie,1
Natalie Portman,Jeffrey Wright,1
Steve Carell,Margot Robbie,1
Mark Ruffalo,Reese Witherspoon,1
Robert Downey Jr,Kumail Nanjiani,1
Marion Cotillard,Ben Foster,1
Mark Ruffalo,Rachel Weisz,1
Oscar Isaac,Hailee Steinfeld,1
Chris Pine,Benedict Cumberbatch,1
Amy Adams,Robin Wright,1
Benicio Del Toro,Jeffrey Wright,2
Lupita Nyong'o,Sterling K. Brown,1
Nicole Kidman,Allison Janney,2
Naomie Harris,Kate Winslet,1
Jonah Hill,Timothée Chalamet,1
Jesse Plemons,LaKeith Stanfield,1
Ralph Fiennes,Tilda Swinton,3
Ryan Gosling,Robin Wright,1
Samuel L. Jackson,Carrie Coon,1
Leonardo DiCaprio,Jesse Plemons,1
Martin Freeman,Benedict Cumberbatch,3
Cate Blanchett,Sarah Paulson,2
Joaquin Phoenix,Michael Keaton,1
Samuel L. Jackson,Letitia Wright,2
Mahershala Ali,Keri Russell,1
Leonardo DiCaprio,Michael Shannon,1
David Oyelowo,LaKeith Stanfield,1
Ben Mendelsohn,Bradley Cooper,1
Jessica Chastain,Tom Hiddleston,2
Matt Damon,Benedict Cumberbatch,1
Michael Fassbender,Idris Elba,1
Michael Stuhlbarg,Will Smith,1
Oscar Isaac,David Oyelowo,1
Hugh Jackman,Joel Edgerton,1
Cate Blanchett,Julianne Moore,3
Natalie Portman,Benedict Cumberbatch,2
Viola Davis,Allison Janney,2
Charlize Theron,Josh Brolin,1
Benedict Cumberbatch,Paul Dano,1
Mark Rylance,Jonah Hill,1
Gary Oldman,Keri Russell,1
Benicio Del Toro,Benedict Cumberbatch,1
Viola Davis,David Oyelowo,1
Frances McDormand,Tilda Swinton,5
Oscar Isaac,Mahershala Ali,1
Viola Davis,Javier Bardem,1
Jessica Chastain,Michael Shannon,1
Alicia Vikander,Matt Damon,1
Joaquin Phoenix,Jake Gyllenhaal,1
Oscar Isaac,Cate Blanchett,1
Viola Davis,Idris Elba,1
Keri Russell,Adam Driver,1
Emma Stone,Allison Janney,1
Idris Elba,Robert Downey Jr,2
Jessica Chastain,Matt Damon,2
Tom Hanks,Bryan Cranston,4
Leonardo DiCaprio,Tom Hardy,2
Meryl Streep,Sarah Paulson,1
Robert Downey Jr,Benedict Cumberbatch,2
Sam Rockwell,Allison Janney,4
Nicole Kidman,Michael Keaton,1
Lupita Nyong'o,Benicio Del Toro,1
Viola Davis,Margot Robbie,1
Chiwetel Ejiofor,Taraji P. Henson,2
Riz Ahmed,Woody Harrelson,1
Gary Oldman,Benicio Del Toro,1
Tom Hardy,Marion Cotillard,2
Hugh Jackman,Michelle Williams,2
Ben Foster,Timothée Chalamet,1
Jesse Plemons,Timothée Chalamet,1
Alicia Vikander,Janelle Monáe,1
Matt Damon,Tom Hiddleston,1
Michael Stuhlbarg,Bryan Cranston,1
Joaquin Phoenix,Amy Adams,2
Samuel L. Jackson,Bob Odenkirk,1
Woody Harrelson,Will Smith,1
Paul Dano,Jeffrey Wright,1
Meryl Streep,Michael Stuhlbarg,1
Cate Blanchett,Mahershala Ali,1
Saoirse Ronan,Timothée Chalamet,3
Brie Larson,Samuel L. Jackson,5
Leonardo DiCaprio,Michael Stuhlbarg,1
Hugh Jackman,Emma Stone,1
Lupita Nyong'o,Letitia Wright,1
Gary Oldman,Jessica Chastain,1
Javier Bardem,Idris Elba,1
Michael Fassbender,Natalie Portman,1
Cate Blanchett,Michael Stuhlbarg,1
Meryl Streep,Tom Cruise,1
Jennifer Lawrence,Woody Harrelson,4
Benicio Del Toro,Sam Rockwell,1
Carrie Coon,Jesse Plemons,1
Josh Brolin,Will Smith,1
Ralph Fiennes,Lucas Hedges,1
Ben Mendelsohn,Robin Wright,1
Joaquin Phoenix,Benicio Del Toro,1
Brie Larson,Robert Downey Jr,1
Josh Brolin,Tom Hiddleston,2
Kate Winslet,Will Smith,1
Nicole Kidman,Sarah Paulson,1
Charlize Theron,David Oyelowo,1
LaKeith Stanfield,Matthew Rhys,1
Sarah Paulson,Matthew Rhys,1
Ralph Fiennes,Kumail Nanjiani,1
Chiwetel Ejiofor,Matt Damon,1
Jake Gyllenhaal,Naomie Harris,1
Tom Hanks,Robin Wright,1
Ralph Fiennes,Marion Cotillard,1
Steve Carell,Lucas Hedges,1
Steve Carell,Will Smith,1
Mahershala Ali,Janelle Monáe,2
Marion Cotillard,Allison Janney,1
Meryl Streep,Matt Damon,1
Oscar Isaac,Timothée Chalamet,1
Ralph Fiennes,Kate Winslet,1
Ryan Gosling,Bradley Cooper,1
Saoirse Ronan,Benicio Del Toro,1
Kumail Nanjiani,Allison Janney,1
Margot Robbie,Jonah Hill,1
Amy Adams,Bradley Cooper,1
Mahershala Ali,Octavia Spencer,2
Natalie Portman,Benicio Del Toro,1
Natalie Portman,Brie Larson,1
Leonardo DiCaprio,Matt Damon,1
Natalie Portman,Mark Ruffalo,1
Benedict Cumberbatch,Tilda Swinton,2
Lupita Nyong'o,Samuel L. Jackson,1
Jonah Hill,Tiffany Haddish,1
Nicole Kidman,Mark Ruffalo,1
Benicio Del Toro,Mark Ruffalo,1
Matthew Rhys,Adam Driver,1
Joaquin Phoenix,Bradley Cooper,1
Jennifer Lawrence,Timothée Chalamet,1
Julianne Moore,Allison Janney,1
Tom Hardy,Benedict Cumberbatch,1
Frances McDormand,Woody Harrelson,2
Michael Keaton,Allison Janney,1
Gary Oldman,Robin Wright,2
Jennifer Lawrence,Jonah Hill,1
Lupita Nyong'o,Daniel Kaluuya,1
Robert Downey Jr,Letitia Wright,2
Javier Bardem,Charlize Theron,1
Michael B. Jordan,Bryan Cranston,1
Oscar Isaac,Alicia Vikander,1
Steve Carell,Taraji P. Henson,2
Michael Shannon,Tilda Swinton,1
Michael Keaton,Marion Cotillard,1
Tom Hanks,Michael Keaton,3
Jessica Chastain,Michael Stuhlbarg,1
Robin Wright,Martin Freeman,1
Sam Rockwell,Lucas Hedges,1
Robert Downey Jr,Mark Ruffalo,6
Benicio Del Toro,Samuel L. Jackson,1
Ryan Gosling,Saoirse Ronan,1
Steve Carell,Chiwetel Ejiofor,1
Javier Bardem,Woody Harrelson,1
Matt Damon,Adam Driver,1
Ryan Gosling,Janelle Monáe,1
Ryan Gosling,Steve Carell,2
David Oyelowo,Adam Driver,1
Michael Shannon,LaKeith Stanfield,1
Oscar Isaac,Keri Russell,1
Tilda Swinton,Rachel Weisz,1
Christian Bale,Samuel L. Jackson,1
Mark Ruffalo,Kate Winslet,2
Steve Carell,Bryan Cranston,2
Benedict Cumberbatch,Tiffany Haddish,1
Emma Stone,Andrew Garfield,2
Sam Rockwell,Taraji P. Henson,1
Chiwetel Ejiofor,Sarah Paulson,2
Michael Stuhlbarg,Adam Driver,1
Robert Downey Jr,Samuel L. Jackson,7
Hugh Jackman,Josh Brolin,1
Michael Fassbender,Josh Brolin,1
Hugh Jackman,Nicole Kidman,2
Jesse Plemons,Jeffrey Wright,1
Margot Robbie,Samuel L. Jackson,1
Reese Witherspoon,Will Smith,1
Reese Witherspoon,Letitia Wright,1
Octavia Spencer,Taraji P. Henson,2
Frances McDormand,Lucas Hedges,2
Ryan Gosling,Josh Brolin,1
Mark Ruffalo,Benedict Cumberbatch,3
Meryl Streep,Jessica Chastain,1
Meryl Streep,Bob Odenkirk,2
Jessica Chastain,Michael Fassbender,1
Leonardo DiCaprio,Ben Mendelsohn,1
Sterling K. Brown,Daniel Kaluuya,1
Ralph Fiennes,Charlize Theron,1
Andrew Garfield,Adam Driver,1
Kyle Chandler,Jonah Hill,1
Charlize Theron,Samuel L. Jackson,1
Andrew Garfield,Claire Foy,1
Idris Elba,Bradley Cooper,1
Mahershala Ali,Bradley Cooper,1
Steve Carell,Allison Janney,3
Tom Cruise,Bryan Cranston,1
Jake Gyllenhaal,Robin Wright,1
Gary Oldman,Marion Cotillard,1
Jonah Hill,Lucas Hedges,1
Octavia Spencer,Will Smith,1
Tom Hardy,Michelle Williams,2
Julianne Moore,Nicole Kidman,1
Ralph Fiennes,Jonah Hill,3
Ben Foster,Rachel Weisz,1
Lupita Nyong'o,Adam Driver,3
Tom Hardy,Chris Pine,1
Jake Gyllenhaal,Michelle Williams,1
Oscar Isaac,Evan Rachel Wood,1
Christian Bale,Matthew Rhys,1
Mark Rylance,Allison Janney,1
Cate Blanchett,Mark Ruffalo,1
Jake Gyllenhaal,Michael Shannon,1
Meryl Streep,Julianne Moore,1
Nicole Kidman,Tatiana Maslany,1
Ryan Gosling,Jeffrey Wright,1
Mark Rylance,Natalie Portman,1
Leonardo DiCaprio,Kate Winslet,2
Mark Rylance,Javier Bardem,1
Gary Oldman,Michael Keaton,1
Riz Ahmed,Ben Mendelsohn,2
Annette Bening,Mark Ruffalo,2
Brie Larson,Robin Wright,1
Mahershala Ali,Jennifer Lawrence,2
Natalie Portman,Joel Edgerton,3
Cate Blanchett,Michael Fassbender,1
Will Smith,Jeffrey Wright,1
Amy Adams,Robert Downey Jr,1
Steve Carell,Michael Shannon,1
Tom Hardy,Charlize Theron,1
Robert Downey Jr,Jeffrey Wright,1
Javier Bardem,Ralph Fiennes,1
Saoirse Ronan,Margot Robbie,1
Michael B. Jordan,Martin Freeman,1
Amy Adams,Ryan Gosling,1
Kyle Chandler,Michelle Williams,1
Robin Wright,Jonah Hill,1
Sam Rockwell,Evan Rachel Wood,1
Frances McDormand,Matt Damon,1
Oscar Isaac,Annette Bening,1
Jake Gyllenhaal,Reese Witherspoon,1
Keri Russell,Tom Cruise,1
Octavia Spencer,Michael Shannon,1
Denzel Washington,Chris Pine,1
David Oyelowo,Matt Damon,1
Jeffrey Wright,Janelle Monáe,1
Bob Odenkirk,Timothée Chalamet,1
Steve Carell,Julianne Moore,2
Alicia Vikander,Bradley Cooper,1
Tom Hanks,Charlize Theron,1
Joaquin Phoenix,Reese Witherspoon,2
Benedict Cumberbatch,Tom Hiddleston,4
Saoirse Ronan,Tilda Swinton,2
Brie Larson,Tilda Swinton,2
Denzel Washington,Idris Elba,1
Leonardo DiCaprio,Tom Hanks,1
Michael Fassbender,Rachel Weisz,1
Christian Bale,Julianne Moore,1
Idris Elba,Octavia Spencer,1
Idris Elba,Benedict Cumberbatch,2
Joaquin Phoenix,Jesse Plemons,1
Bradley Cooper,Matt Damon,1
Tom Hanks,Bob Odenkirk,1
Tom Hanks,Janelle Monáe,1
Christian Bale,Benedict Cumberbatch,1
Gary Oldman,Ben Mendelsohn,2
Octavia Spencer,Tilda Swinton,1
Ryan Gosling,Reese Witherspoon,1
Denzel Washington,Ryan Gosling,1
Natalie Portman,Reese Witherspoon,3
Carrie Coon,Bob Odenkirk,1
Tom Hardy,Riz Ahmed,1
Carrie Coon,Matthew Rhys,1
Octavia Spencer,Allison Janney,4
Samuel L. Jackson,Benedict Cumberbatch,2
Tom Hanks,Chris Pine,1
Samuel L. Jackson,Bradley Cooper,3
Woody Harrelson,Jeffrey Wright,3
Leonardo DiCaprio,Mark Ruffalo,1
Michelle Williams,Rachel Weisz,1
Meryl Streep,Denzel Washington,1
Tom Hanks,Matt Damon,2
Tom Hanks,Matthew Rhys,2
Meryl Streep,Chris Pine,1
Jessica Chastain,Kyle Chandler,1
Ryan Gosling,Michelle Williams,2
Annette Bening,Octavia Spencer,1
Kate Winslet,Lucas Hedges,1
Samuel L. Jackson,Will Smith,1
Jennifer Lawrence,Joel Edgerton,1
Cate Blanchett,Benedict Cumberbatch,5
Christian Bale,Joel Edgerton,1
Cate Blanchett,Nicole Kidman,1
Jeffrey Wright,Timothée Chalamet,1
Ralph Fiennes,Robert Downey Jr,1
Bradley Cooper,Letitia Wright,2
Lupita Nyong'o,Julianne Moore,1
Joel Edgerton,Adam Driver,1
Charlize Theron,Matt Damon,1
Gary Oldman,Julianne Moore,2
Ben Mendelsohn,Timothée Chalamet,1
Michael B. Jordan,David Oyelowo,1
Julianne Moore,Michelle Williams,3
Mark Rylance,Benedict Cumberbatch,1
Ryan Gosling,Kyle Chandler,1
Sterling K. Brown,Margot Robbie,1
Frances McDormand,Jessica Chastain,1
Meryl Streep,Benedict Cumberbatch,1
Viola Davis,Tom Cruise,1
David Oyelowo,Joel Edgerton,1
David Oyelowo,Lucas Hedges,1
Tom Cruise,Tilda Swinton,1
Ben Mendelsohn,Brie Larson,1
Hugh Jackman,Bob Odenkirk,1
Viola Davis,Jeffrey Wright,2
Amy Adams,Christian Bale,3
Benicio Del Toro,Marion Cotillard,1
Oscar Isaac,Javier Bardem,1
Steve Carell,Nicole Kidman,1
Mahershala Ali,Tilda Swinton,1
Viola Davis,Paul Dano,2
Nicole Kidman,Chiwetel Ejiofor,1
Joel Edgerton,Taraji P. Henson,1
Claire Foy,Benedict Cumberbatch,1
Matt Damon,Allison Janney,1
Natalie Portman,Letitia Wright,1
Brie Larson,Letitia Wright,1
Cate Blanchett,Natalie Portman,2
Ryan Gosling,Annette Bening,1
Frances McDormand,Josh Brolin,1
Hugh Jackman,Kate Winslet,2
Chris Pine,Will Smith,1
Michelle Williams,Lucas Hedges,1
Joaquin Phoenix,Josh Brolin,1
Carrie Coon,Daniel Kaluuya,1
Jessica Chastain,Emma Stone,1
Hugh Jackman,Chris Pine,1
Michael Fassbender,Benedict Cumberbatch,1
Nicole Kidman,Tom Cruise,4
Leonardo DiCaprio,Woody Harrelson,1
Ryan Gosling,Robert Downey Jr,1
Bradley Cooper,Tom Hiddleston,2
Christian Bale,Reese Witherspoon,1
Paul Dano,Taraji P. Henson,1
Hugh Jackman,Rachel Weisz,1
Mark Rylance,Jesse Plemons,1
Josh Brolin,Jonah Hill,1
Riz Ahmed,Benedict Cumberbatch,1
Jessica Chastain,Andrew Garfield,1
Steve Carell,Mark Ruffalo,2
Amy Adams,Julianne Moore,2
Tom Hanks,Julianne Moore,1
David Oyelowo,Bryan Cranston,1
Matt Damon,Jeffrey Wright,1
Timothée Chalamet,Lucas Hedges,1
Christian Bale,Matt Damon,2
Marion Cotillard,Tom Hiddleston,2
Naomie Harris,Matthew Rhys,1
Amy Adams,Gary Oldman,1
Nicole Kidman,Lucas Hedges,1
Mahershala Ali,Jeffrey Wright,2
Samuel L. Jackson,Joel Edgerton,2
Octavia Spencer,Kumail Nanjiani,1
Meryl Streep,Matthew Rhys,1
Gary Oldman,Samuel L. Jackson,3
Tom Cruise,Paul Dano,1
LaKeith Stanfield,Tilda Swinton,2
David Oyelowo,Michael Stuhlbarg,1
Hugh Jackman,Allison Janney,1
Meryl Streep,Gary Oldman,1
Margot Robbie,Allison Janney,2
Tom Hardy,Adam Driver,1
Tom Hanks,Mark Rylance,1
Julianne Moore,Chiwetel Ejiofor,1
Natalie Portman,Robert Downey Jr,1
Meryl Streep,Hailee Steinfeld,1
Chiwetel Ejiofor,Joel Edgerton,1
Benicio Del Toro,Robert Downey Jr,2
Idris Elba,Will Smith,1
Alicia Vikander,Rachel Weisz,1
Ben Mendelsohn,Marion Cotillard,1
Gina Rodriguez,Evan Rachel Wood,1
Denzel Washington,Jeffrey Wright,1
Saoirse Ronan,Bob Odenkirk,1
Leonardo DiCaprio,Charlize Theron,1
Leonardo DiCaprio,Joel Edgerton,1
Oscar Isaac,Natalie Portman,1
Nicole Kidman,Tiffany Haddish,1
Michael Shannon,Robert Downey Jr,1
Samuel L. Jackson,Tom Hiddleston,5
Leonardo DiCaprio,Allison Janney,1
Joaquin Phoenix,Jonah Hill,1
Cate Blanchett,Michelle Williams,1
Christian Bale,Ben Mendelsohn,3
Josh Brolin,Letitia Wright,2
Cate Blanchett,Matthew Rhys,1
Benicio Del Toro,Timothée Chalamet,1
Meryl Streep,Allison Janney,1
Martin Freeman,Daniel Kaluuya,2
Woody Harrelson,Robert Downey Jr,2
Joel Edgerton,Timothée Chalamet,1
Jake Gyllenhaal,Ben Mendelsohn,1
Michael Stuhlbarg,Jesse Plemons,1
Frances McDormand,Gary Oldman,1
Michael Shannon,Kate Winslet,1
Joaquin Phoenix,Marion Cotillard,2
Octavia Spencer,Michael Stuhlbarg,1
Joaquin Phoenix,Kate Winslet,1
Julianne Moore,Matt Damon,1
Hugh Jackman,Jennifer Lawrence,3
Ryan Gosling,Christian Bale,1
Jake Gyllenhaal,Robert Downey Jr,1
Frances McDormand,Julianne Moore,1
Riz Ahmed,Michelle Williams,1
Ralph Fiennes,Jeffrey Wright,1
Sarah Paulson,Jeffrey Wright,1
Tom Hardy,Mark Rylance,1
Jesse Plemons,Tom Cruise,1
Amy Adams,Jesse Plemons,2
Sam Rockwell,Paul Dano,1
Tom Hanks,Ben Foster,1
Tom Hanks,Jesse Plemons,2
Viola Davis,Carrie Coon,1
Idris Elba,Charlize Theron,1
Natalie Portman,Tilda Swinton,1
Sam Rockwell,Jeffrey Wright,3
Meryl Streep,Jesse Plemons,2
Brie Larson,Hailee Steinfeld,1
Tom Hanks,Reese Witherspoon,1
Mark Rylance,Ben Mendelsohn,1
Oscar Isaac,Charlize Theron,1
Tom Hardy,Lupita Nyong'o,1
Jessica Chastain,Hailee Steinfeld,1
Joel Edgerton,Jesse Plemons,1
Mark Ruffalo,Michael Keaton,1
Michael Stuhlbarg,Timothée Chalamet,1
Jake Gyllenhaal,Steve Carell,1
Frances McDormand,Robert Downey Jr,2
Nicole Kidman,Joel Edgerton,1
Jake Gyllenhaal,Julianne Moore,1
Josh Brolin,Daniel Kaluuya,1
Jessica Chastain,Jennifer Lawrence,1
Tom Hardy,Idris Elba,1
Martin Freeman,Letitia Wright,1
Bradley Cooper,Jonah Hill,1
Brie Larson,Jonah Hill,1
Emma Stone,Julianne Moore,1
Woody Harrelson,Tatiana Maslany,1
Denzel Washington,Samuel L. Jackson,1
Robert Downey Jr,Tilda Swinton,1
Idris Elba,Chris Pine,1
Leonardo DiCaprio,Christian Bale,1
Jessica Chastain,David Oyelowo,3
Sam Rockwell,Matt Damon,2
Steve Carell,Paul Dano,1
Woody Harrelson,Ben Foster,2
Idris Elba,Matt Damon,1
David Oyelowo,Tom Cruise,1
Michael Stuhlbarg,Sarah Paulson,1
Idris Elba,Allison Janney,1
Kumail Nanjiani,Marion Cotillard,1
Benedict Cumberbatch,Letitia Wright,2
Annette Bening,Adam Driver,1
Cate Blanchett,Martin Freeman,4
Jessica Chastain,Sam Rockwell,1
Tilda Swinton,Paul Dano,1
Emma Stone,Woody Harrelson,3
Michelle Williams,Matt Damon,1
Matt Damon,Sarah Paulson,1
Viola Davis,Michael Keaton,1
Hugh Jackman,Ben Foster,1
Nicole Kidman,Bryan Cranston,1
Natalie Portman,Andrew Garfield,1
Octavia Spencer,Reese Witherspoon,1
Ryan Gosling,Sterling K. Brown,1
Christian Bale,Nicole Kidman,1
Annette Bening,Tom Hanks,1
Jennifer Lawrence,Jeffrey Wright,3
Brie Larson,Tiffany Haddish,1
Carrie Coon,Sarah Paulson,1
Bradley Cooper,Benedict Cumberbatch,2
Idris Elba,Samuel L. Jackson,3
Samuel L. Jackson,Josh Brolin,4
Oscar Isaac,Benicio Del Toro,2
Denzel Washington,Gary Oldman,1
Kyle Chandler,Jesse Plemons,1
Meryl Streep,Andrew Garfield,1
Michael Shannon,Andrew Garfield,1
Michael Shannon,Adam Driver,1
Meryl Streep,Mark Rylance,1
Mark Ruffalo,Tom Hiddleston,4
Hugh Jackman,Matt Damon,1
Michael Stuhlbarg,Kate Winslet,1
Mark Ruffalo,Hailee Steinfeld,1
Cate Blanchett,Ralph Fiennes,1
Michael Shannon,Bob Odenkirk,1
Kate Winslet,Marion Cotillard,1
Ben Mendelsohn,Mark Ruffalo,1
Josh Brolin,Timothée Chalamet,1
Lupita Nyong'o,Paul Dano,1
Michael Stuhlbarg,Josh Brolin,1
Octavia Spencer,Ralph Fiennes,1
Emma Stone,Steve Carell,2
Michael Fassbender,Chiwetel Ejiofor,1
Tilda Swinton,Adam Driver,1
Annette Bening,Samuel L. Jackson,3
Steve Carell,Marion Cotillard,2
Alicia Vikander,Matthew Rhys,1
Ben Mendelsohn,Letitia Wright,1
Michael Fassbender,Javier Bardem,1
Chiwetel Ejiofor,Paul Dano,1
Woody Harrelson,Robin Wright,1
Ryan Gosling,Natalie Portman,2
Claire Foy,LaKeith Stanfield,1
Steve Carell,Timothée Chalamet,1
Tatiana Maslany,Matthew Rhys,1
Tom Hiddleston,Hailee Steinfeld,1
Idris Elba,Letitia Wright,1
Chiwetel Ejiofor,Chris Pine,1
Marion Cotillard,Will Smith,1
Riz Ahmed,Matt Damon,1
Amy Adams,Allison Janney,1
Natalie Portman,Tom Hiddleston,3
Cate Blanchett,Saoirse Ronan,1
Jesse Plemons,Sam Rockwell,1
Robert Downey Jr,Rachel Weisz,1
Benicio Del Toro,Tom Hiddleston,2
Octavia Spencer,Kate Winslet,1
Robert Downey Jr,Marion Cotillard,1
Sam Rockwell,Martin Freeman,1
Sarah Paulson,Benedict Cumberbatch,1
Ben Mendelsohn,Will Smith,1
Jake Gyllenhaal,Natalie Portman,1
Jessica Chastain,Allison Janney,1
Viola Davis,Hugh Jackman,2
Paul Dano,Rachel Weisz,1
Bradley Cooper,Matthew Rhys,1
Hugh Jackman,Paul Dano,1
Annette Bening,Brie Larson,1
Oscar Isaac,Jessica Chastain,1
Samuel L. Jackson,Jonah Hill,1
Christian Bale,Natalie Portman,2
Gary Oldman,Benedict Cumberbatch,1
Jeffrey Wright,Allison Janney,2
Natalie Portman,Rachel Weisz,1
Lupita Nyong'o,Benedict Cumberbatch,1
Annette Bening,Natalie Portman,2
Meryl Streep,Viola Davis,1
Natalie Portman,Samuel L. Jackson,5
Gary Oldman,Sam Rockwell,1
Ralph Fiennes,Naomie Harris,3
Samuel L. Jackson,Tilda Swinton,1
Jake Gyllenhaal,Tilda Swinton,1
Javier Bardem,Nicole Kidman,1
Woody Harrelson,Hailee Steinfeld,1
Meryl Streep,Jonah Hill,1
Chris Pine,Hailee Steinfeld,1
Oscar Isaac,Bryan Cranston,1
Cate Blanchett,Naomie Harris,1
Julianne Moore,Mark Ruffalo,2
Tom Hanks,Taraji P. Henson,1
Michael B. Jordan,Robert Downey Jr,1
Michael Fassbender,Charlize Theron,1
Leonardo DiCaprio,Jonah Hill,4
Steve Carell,Michael Keaton,1
Emma Stone,Rachel Weisz,1
Joaquin Phoenix,Mark Ruffalo,1
Andrew Garfield,Benedict Cumberbatch,1
Annette Bening,Reese Witherspoon,1
Chris Pine,Taraji P. Henson,1
Cate Blanchett,Tilda Swinton,2
Michael Stuhlbarg,Bob Odenkirk,1
Mahershala Ali,Ben Mendelsohn,1
Mark Ruffalo,Carrie Coon,1
Tom Hardy,Oscar Isaac,1
Natalie Portman,Bradley Cooper,3
Nicole Kidman,Jeffrey Wright,2
Oscar Isaac,Matt Damon,2
Cate Blanchett,Evan Rachel Wood,1
Steve Carell,Brie Larson,1
Jennifer Lawrence,Charlize Theron,1
Leonardo DiCaprio,Tilda Swinton,1
Sarah Paulson,Paul Dano,1
Matt Damon,Marion Cotillard,1
Bryan Cranston,Taraji P. Henson,1
Tom Hardy,Jessica Chastain,1
Cate Blanchett,Jonah Hill,2
Oscar Isaac,Rachel Weisz,2
Sterling K. Brown,Michael B. Jordan,1
Javier Bardem,Natalie Portman,1
Steve Carell,Josh Brolin,1
Annette Bening,Allison Janney,1
Saoirse Ronan,Ralph Fiennes,1
LaKeith Stanfield,Daniel Kaluuya,2
Emma Stone,Bradley Cooper,2
Jake Gyllenhaal,Mark Ruffalo,1
Tom Hardy,Reese Witherspoon,1
Julianne Moore,Woody Harrelson,3
Michael Shannon,Josh Brolin,1
Tom Hanks,Michael Stuhlbarg,1
Steve Carell,Jonah Hill,4
Lupita Nyong'o,Michael B. Jordan,1
Ryan Gosling,Michael Fassbender,1
Chiwetel Ejiofor,Benedict Cumberbatch,3
Sarah Paulson,Reese Witherspoon,1
Emma Stone,Octavia Spencer,1
Brie Larson,Kyle Chandler,1
Michael Shannon,Will Smith,1
Margot Robbie,Michelle Williams,1
Mahershala Ali,Julianne Moore,2
Jake Gyllenhaal,Tatiana Maslany,1
Nicole Kidman,Charlize Theron,1
Idris Elba,Mark Ruffalo,3
Gary Oldman,Christian Bale,3
Ben Mendelsohn,Joel Edgerton,5
Javier Bardem,Benicio Del Toro,1
Riz Ahmed,Michael Fassbender,1
Benicio Del Toro,Adam Driver,1
Michael B. Jordan,Letitia Wright,1
Woody Harrelson,Charlize Theron,3
Christian Bale,Timothée Chalamet,1
Meryl Streep,Jennifer Lawrence,1
Naomie Harris,Paul Dano,1
Natalie Portman,Nicole Kidman,1
Ralph Fiennes,Josh Brolin,1
Tom Hanks,Natalie Portman,1
Meryl Streep,Saoirse Ronan,1
Octavia Spencer,Chris Pine,1
Annette Bening,Matthew Rhys,1
Julianne Moore,Jeffrey Wright,2
Viola Davis,Julianne Moore,1
Oscar Isaac,Lupita Nyong'o,3
Julianne Moore,Paul Dano,1
Jessica Chastain,Marion Cotillard,1
Margot Robbie,Chiwetel Ejiofor,1
Emma Stone,Kate Winslet,1
Gary Oldman,Idris Elba,1
Matthew Rhys,Benedict Cumberbatch,1
Michael Fassbender,Lupita Nyong'o,1
Leonardo DiCaprio,Ryan Gosling,1
Saoirse Ronan,Benedict Cumberbatch,1
David Oyelowo,Timothée Chalamet,1
Brie Larson,Benedict Cumberbatch,2
Frances McDormand,Sam Rockwell,1
Joaquin Phoenix,Emma Stone,1
Tom Hardy,Joel Edgerton,1
Mahershala Ali,Hailee Steinfeld,1
Idris Elba,Tom Hiddleston,4
Christian Bale,Woody Harrelson,1
Andrew Garfield,Tom Cruise,1
Margot Robbie,Martin Freeman,1
Brie Larson,LaKeith Stanfield,1
Brie Larson,Josh Brolin,1
Saoirse Ronan,Tatiana Maslany,1
Keri Russell,Matthew Rhys,1
Saoirse Ronan,Tom Hanks,1
Leonardo DiCaprio,Cate Blanchett,1
Meryl Streep,Carrie Coon,1
David Oyelowo,Martin Freeman,1
Alicia Vikander,Joel Edgerton,1
Denzel Washington,Matt Damon,1
Meryl Streep,Cate Blanchett,1
Cate Blanchett,Tom Cruise,1
Josh Brolin,Lucas Hedges,1
Octavia Spencer,Evan Rachel Wood,1
Viola Davis,Samuel L. Jackson,1
Cate Blanchett,Taraji P. Henson,1
Nicole Kidman,Evan Rachel Wood,1
Tilda Swinton,Tom Hiddleston,2
Julianne Moore,Janelle Monáe,1
Michael Stuhlbarg,Carrie Coon,1
Will Smith,Taraji P. Henson,1
Woody Harrelson,Josh Brolin,1
Bryan Cranston,Marion Cotillard,1
Leonardo DiCaprio,Oscar Isaac,1
Julianne Moore,Ralph Fiennes,1
Benicio Del Toro,Reese Witherspoon,1
Carrie Coon,Reese Witherspoon,1
Mahershala Ali,Chris Pine,1
Jesse Plemons,Matthew Rhys,1
Christian Bale,Jeffrey Wright,1
Octavia Spencer,David Oyelowo,1
Saoirse Ronan,Rachel Weisz,1
Mark Rylance,Jennifer Lawrence,1
Michael Shannon,Tom Cruise,1
Natalie Portman,Idris Elba,2
Woody Harrelson,Michael Stuhlbarg,1
Jesse Plemons,Bryan Cranston,1
Saoirse Ronan,Kate Winslet,1
Oscar Isaac,Michael Stuhlbarg,1
Brie Larson,Tom Hiddleston,2
Christian Bale,Steve Carell,2
Josh Brolin,Hailee Steinfeld,1
Kyle Chandler,Sarah Paulson,1
Ralph Fiennes,Allison Janney,1
Steve Carell,Janelle Monáe,1
Michael Fassbender,Michael Shannon,1
Amy Adams,Michael Shannon,2
Jake Gyllenhaal,Riz Ahmed,2
Carrie Coon,Letitia Wright,1
Octavia Spencer,Brie Larson,1
Michael Stuhlbarg,Tilda Swinton,1
Michael Shannon,Michael Stuhlbarg,1
Hugh Jackman,Ben Mendelsohn,1
Amy Adams,Jonah Hill,1
Bryan Cranston,Bob Odenkirk,2
Tom Hanks,Jonah Hill,1
Lupita Nyong'o,Rachel Weisz,1
Tom Hanks,Sam Rockwell,1
Amy Adams,Sam Rockwell,1
Tilda Swinton,Jeffrey Wright,3
Mark Ruffalo,Tom Cruise,1
Annette Bening,Julianne Moore,1
Lupita Nyong'o,Keri Russell,1
Chris Pine,Reese Witherspoon,2
Matt Damon,Tilda Swinton,1
Jennifer Lawrence,Bradley Cooper,4
Joaquin Phoenix,Jessica Chastain,1
Michael Shannon,Benedict Cumberbatch,1
Natalie Portman,Gina Rodriguez,1
Chris Pine,Ben Foster,2
Michael Fassbender,Sarah Paulson,1
Michael Stuhlbarg,Sam Rockwell,1
Viola Davis,Matt Damon,2
Margot Robbie,Kyle Chandler,1
Mahershala Ali,Woody Harrelson,2
Robert Downey Jr,Tom Cruise,1
Idris Elba,Carrie Coon,1
Steve Carell,Jesse Plemons,1
Chiwetel Ejiofor,Martin Freeman,1
Frances McDormand,Christian Bale,1
Lupita Nyong'o,Chiwetel Ejiofor,1
Oscar Isaac,Michael Fassbender,1
Kyle Chandler,Bob Odenkirk,1
Josh Brolin,Robin Wright,1
Margot Robbie,Charlize Theron,1
Joaquin Phoenix,Nicole Kidman,1
Charlize Theron,Jeffrey Wright,1
Bryan Cranston,Paul Dano,1
Javier Bardem,Timothée Chalamet,1
Annette Bening,Ben Mendelsohn,1
Joaquin Phoenix,Tom Hiddleston,1
Kyle Chandler,Claire Foy,1
Annette Bening,Letitia Wright,1
Brie Larson,Ben Foster,1
Matt Damon,Timothée Chalamet,1
Woody Harrelson,Allison Janney,1
Ben Mendelsohn,Samuel L. Jackson,2
Denzel Washington,Michael Keaton,1
Idris Elba,Benicio Del Toro,2
Frances McDormand,Saoirse Ronan,1
Carrie Coon,Benedict Cumberbatch,1
Julianne Moore,Robert Downey Jr,1
Leonardo DiCaprio,Jeffrey Wright,2
Leonardo DiCaprio,Kyle Chandler,1
Oscar Isaac,Gina Rodriguez,1
Julianne Moore,Alicia Vikander,2
Viola Davis,Will Smith,1
Daniel Kaluuya,Letitia Wright,1
Chiwetel Ejiofor,Michael Stuhlbarg,1
Michael B. Jordan,Octavia Spencer,1
Kate Winslet,Martin Freeman,1
Meryl Streep,Jeffrey Wright,2
Tom Hanks,Paul Dano,1
Marion Cotillard,Hailee Steinfeld,1
Chris Pine,Robin Wright,2
Nicole Kidman,Marion Cotillard,2
Chiwetel Ejiofor,LaKeith Stanfield,1
Gary Oldman,Ralph Fiennes,2
Charlize Theron,Joel Edgerton,1
Margot Robbie,Chris Pine,1
Oscar Isaac,Sterling K. Brown,1
Tom Hanks,Benedict Cumberbatch,1
Leonardo DiCaprio,Michelle Williams,1
Julianne Moore,Jennifer Lawrence,2
Joaquin Phoenix,Chiwetel Ejiofor,1
Octavia Spencer,Marion Cotillard,1
Ryan Gosling,Bryan Cranston,1
Jesse Plemons,Bob Odenkirk,1
Christian Bale,Margot Robbie,1
Javier Bardem,Josh Brolin,2
Sterling K. Brown,Martin Freeman,2
Mark Ruffalo,Sam Rockwell,1
Carrie Coon,Bradley Cooper,1
Hugh Jackman,Marion Cotillard,1
Tom Hardy,Benicio Del Toro,1
Josh Brolin,Tilda Swinton,2
Joel Edgerton,Chris Pine,1
Mark Ruffalo,Taraji P. Henson,1
Jake Gyllenhaal,Jeffrey Wright,2
Samuel L. Jackson,Jeffrey Wright,2
Leonardo DiCaprio,Margot Robbie,2
Christian Bale,Bradley Cooper,2
Tom Hanks,Mark Ruffalo,1
Christian Bale,Michelle Williams,1
Frances McDormand,Cate Blanchett,1
Frances McDormand,Timothée Chalamet,1
Jessica Chastain,Bryan Cranston,1
Denzel Washington,Viola Davis,3
Josh Brolin,Reese Witherspoon,2
Mark Ruffalo,Bradley Cooper,2
Mark Ruffalo,Letitia Wright,2
Natalie Portman,Robin Wright,1
Ryan Gosling,Cate Blanchett,1
Jesse Plemons,Benedict Cumberbatch,2
Robert Downey Jr,Sam Rockwell,1
Tilda Swinton,Jonah Hill,1
Christian Bale,Naomie Harris,1
Ryan Gosling,Tom Hanks,1
Benicio Del Toro,Robin Wright,1
Idris Elba,Naomie Harris,1
Christian Bale,Sam Rockwell,2
Ryan Gosling,Emma Stone,3
Frances McDormand,Jeffrey Wright,3
Mark Rylance,Michael Keaton,1
Ben Mendelsohn,Nicole Kidman,2
Michael Shannon,Rachel Weisz,2
Charlize Theron,Bob Odenkirk,1
Meryl Streep,Leonardo DiCaprio,2
Frances McDormand,Bryan Cranston,2
Gary Oldman,Natalie Portman,1
Michael Fassbender,Marion Cotillard,2
Robert Downey Jr,Bradley Cooper,2
Tilda Swinton,Timothée Chalamet,1
Steve Carell,Sam Rockwell,2
LaKeith Stanfield,Gina Rodriguez,1
Jesse Plemons,Sarah Paulson,1
Robert Downey Jr,Robin Wright,1
Sterling K. Brown,Julianne Moore,1
Saoirse Ronan,Jeffrey Wright,1
Mark Rylance,Andrew Garfield,1
Leonardo DiCaprio,Timothée Chalamet,1
Leonardo DiCaprio,Samuel L. Jackson,1
Michael B. Jordan,Brie Larson,1
Tom Hardy,Woody Harrelson,2
Michelle Williams,Naomie Harris,1
Mark Ruffalo,Samuel L. Jackson,5
Christian Bale,Jennifer Lawrence,1
Mahershala Ali,Naomie Harris,1
Woody Harrelson,Chiwetel Ejiofor,3
Meryl Streep,Timothée Chalamet,2
Michelle Williams,Paul Dano,1
Michael Shannon,Sarah Paulson,1
Michael B. Jordan,Carrie Coon,1
Mark Ruffalo,Robin Wright,1
Benicio Del Toro,Tilda Swinton,1
Javier Bardem,Naomie Harris,1
Matt Damon,Bryan Cranston,3
Annette Bening,Evan Rachel Wood,1
Idris Elba,LaKeith Stanfield,1
Charlize Theron,Will Smith,2
Sam Rockwell,Bryan Cranston,1
Kate Winslet,Matt Damon,1
Jake Gyllenhaal,Josh Brolin,1
Josh Brolin,Kate Winslet,1
Leonardo DiCaprio,Sam Rockwell,2
Jake Gyllenhaal,Samuel L. Jackson,1
Lupita Nyong'o,David Oyelowo,2
Nicole Kidman,David Oyelowo,1
Lupita Nyong'o,Sarah Paulson,1
Idris Elba,Josh Brolin,3
Idris Elba,Matthew Rhys,1
Viola Davis,Daniel Kaluuya,1
Carrie Coon,LaKeith Stanfield,1
Jesse Plemons,Hailee Steinfeld,1
Bob Odenkirk,Matthew Rhys,1
Jessica Chastain,Ralph Fiennes,1
Meryl Streep,Nicole Kidman,2
Steve Carell,Tom Hanks,1
Oscar Isaac,Allison Janney,1
Jessica Chastain,Joel Edgerton,1
Christian Bale,Marion Cotillard,2
Emma Stone,David Oyelowo,1
Samuel L. Jackson,Sam Rockwell,3
Mark Ruffalo,Tilda Swinton,1
Jesse Plemons,Matt Damon,1
Michael Fassbender,Alicia Vikander,1
LaKeith Stanfield,Jeffrey Wright,1
Ryan Gosling,Ben Mendelsohn,2
Tilda Swinton,Taraji P. Henson,1
Josh Brolin,Carrie Coon,2
Bradley Cooper,Tilda Swinton,1
Michael Fassbender,Ben Mendelsohn,1
Cate Blanchett,Christian Bale,3
Cate Blanchett,Tom Hiddleston,1
Jessica Chastain,Chiwetel Ejiofor,1
Ryan Gosling,Evan Rachel Wood,1
Taraji P. Henson,Janelle Monáe,1
Tilda Swinton,Letitia Wright,1
Frances McDormand,Ralph Fiennes,1
Josh Brolin,Bradley Cooper,3
Meryl Streep,Lucas Hedges,1
Kyle Chandler,Matt Damon,1
Mark Ruffalo,Paul Dano,1
Riz Ahmed,Alicia Vikander,1
Mark Ruffalo,Jeffrey Wright,1
Joel Edgerton,Lucas Hedges,1
Naomie Harris,Will Smith,1
Sterling K. Brown,Letitia Wright,1
Mark Rylance,Idris Elba,1
Keri Russell,Jesse Plemons,1
Tilda Swinton,Lucas Hedges,3
Woody Harrelson,Kate Winslet,1
Michael Stuhlbarg,LaKeith Stanfield,1
Brie Larson,Mark Ruffalo,3
Naomie Harris,Janelle Monáe,1
Viola Davis,Octavia Spencer,2
Viola Davis,Jessica Chastain,2
Annette Bening,Paul Dano,1
Amy Adams,Jennifer Lawrence,1
Charlize Theron,Sam Rockwell,1
Oscar Isaac,Adam Driver,4
Michael Fassbender,Jennifer Lawrence,4
Cate Blanchett,Idris Elba,1
Robin Wright,Evan Rachel Wood,1
Kate Winslet,Bob Odenkirk,1
Sam Rockwell,Jonah Hill,2
Tom Hanks,Carrie Coon,1
David Oyelowo,Allison Janney,1
Leonardo DiCaprio,Mark Rylance,1
Meryl Streep,Jake Gyllenhaal,1
Bradley Cooper,Robin Wright,1
Denzel Washington,Chiwetel Ejiofor,2
Joaquin Phoenix,Hailee Steinfeld,1
Cate Blanchett,Kyle Chandler,1
Kumail Nanjiani,Bob Odenkirk,1
Gary Oldman,Jeffrey Wright,2
Benedict Cumberbatch,Rachel Weisz,1
Charlize Theron,Allison Janney,3
Christian Bale,Ben Foster,2
Brie Larson,Bob Odenkirk,1
Christian Bale,Jesse Plemons,2
Oscar Isaac,Julianne Moore,1
Robert Downey Jr,Tom Hiddleston,3
Woody Harrelson,Mark Ruffalo,2
Woody Harrelson,Michelle Williams,2
Samuel L. Jackson,Chris Pine,1
David Oyelowo,Reese Witherspoon,1
Meryl Streep,Tom Hanks,4
